id,g,se.g,weeks
1,0.03,0.015625,2
2,0.12,0.021609,21
3,-0.14,0.027889,19
4,1.18,0.139129,0
5,0.26,0.136161,0
6,-0.06,0.010609,3
7,-0.02,0.010609,18
8,-0.32,0.0484,24
9,0.27,0.026896,0
10,0.87,0.063001,1
11,0.54,0.091204,0
12,0.18,0.049729,0
13,-0.02,0.083521,1
14,0.23,0.0841,2
15,-0.18,0.025281,17
16,-0.06,0.027889,5
17,0.3,0.019321,1
18,0.07,0.008836,2
19,-0.07,0.030276,7
