logOR,SE
0.041847109935500504,0.3995007793679842
-0.9236708391717777,0.34312802031468315
-1.1221427860783038,0.4219214603636477
-1.4733057381095205,0.5467419571212435
-1.3910245354952921,0.3380607537863431
-0.29688945116188303,0.12096973704315481
-0.2615499321749329,0.34740099816867837
1.0887599922250981,0.8284754542738754
0.1353053863485858,0.2605326927783081
