"dataset_id","source_pkg","object","title","slab","yi","vi","measure","year","n_ratio","sd_ratio","mean_ctrl","ntotal","log_ntotal","precision","abs_yi"
"meta_Fleiss93cont","meta","Fleiss93cont","Mental Health Treatment",1,-0.33987608706701,0.156067610664615,"SMD",1973,1,1.23684210526316,6.5,26,3.25809653802148,2.53129994228592,0.33987608706701
"meta_Fleiss93cont","meta","Fleiss93cont","Mental Health Treatment",2,-0.565889664491664,0.0553347777856989,"SMD",1971,0.6,0.743478260869565,6.1,80,4.38202663467388,4.25109602335327,0.565889664491664
"meta_Fleiss93cont","meta","Fleiss93cont","Mental Health Treatment",3,-0.299908862924967,0.0577853237575782,"SMD",1975,1,0.323004694835681,24.9,70,4.24849524204936,4.15997982660292,0.299908862924967
"meta_Fleiss93cont","meta","Fleiss93cont","Mental Health Treatment",4,0.1250235914109,0.100195386230116,"SMD",1975,1,0.885542168674699,12.3,40,3.68887945411394,3.15919285234735,0.1250235914109
"meta_Fleiss93cont","meta","Fleiss93cont","Mental Health Treatment",5,-0.734444111690334,0.266856504787394,"SMD",1977,1,0.539007092198582,7.38,16,2.77258872223978,1.93580275352209,0.734444111690334
