"dataset_id","source_pkg","object","title","slab","yi","vi","measure","year","ter","cer","rare_ctrl","risk_diff0","ntotal","log_ntotal","precision","abs_yi"
"meta_Fleiss93","meta","Fleiss93","Aspirin after Myocardial Infarction",1,-0.298344220717429,0.0321049560369078,"RR",1974,0.0796747967479675,0.107371794871795,FALSE,-0.0276969981238274,1239,7.12205988162914,5.58102490102066,0.298344220717429
"meta_Fleiss93","meta","Fleiss93","Aspirin after Myocardial Infarction",2,-0.357688461520453,0.0357359946523332,"RR",1976,0.0580474934036939,0.0830090791180285,TRUE,-0.0249615857143346,1529,7.33236920592906,5.28989513428958,0.357688461520453
"meta_Fleiss93","meta","Fleiss93","Aspirin after Myocardial Infarction",3,-0.189905185004053,0.015362035839977,"RR",1979,0.122596153846154,0.148235294117647,FALSE,-0.0256391402714932,1682,7.42773884053289,8.06818063726634,0.189905185004053
"meta_Fleiss93","meta","Fleiss93","Aspirin after Myocardial Infarction",4,-0.197410753906194,0.0511749693864995,"RR",1979,0.100946372239748,0.122977346278317,FALSE,-0.0220309740385695,626,6.4393503711001,4.4204980592231,0.197410753906194
"meta_Fleiss93","meta","Fleiss93","Aspirin after Myocardial Infarction",5,-0.199273550155863,0.0272978530246955,"RR",1980,0.104938271604938,0.12807881773399,FALSE,-0.0231405461290519,1216,7.10332206252611,6.05251332764298,0.199273550155863
"meta_Fleiss93","meta","Fleiss93","Aspirin after Myocardial Infarction",6,0.111838932425869,0.00774707307799698,"RR",1980,0.108513453903838,0.0970314576871954,TRUE,0.0114819962166423,4524,8.41715183723601,11.3613822991449,0.111838932425869
"meta_Fleiss93","meta","Fleiss93","Aspirin after Myocardial Infarction",7,-0.0897358998960307,0.000985603847672581,"RR",1988,0.182834517293583,0.2,FALSE,-0.0171654827064167,17187,9.75190856307669,31.8528872898509,0.0897358998960307
