study,yi,sei
Alvarez 1999,0.26,0.38265306087891154
Barbagallo 1988,0.01,0.20918367288103534
Bonavita 1983,2.22,0.4107142851180124
Capurso 1996,0.58,0.3698979589021815
Cohen 2003,0.34,0.3698979589021815
Motta 1985,0.33,0.28571428560714285
Piccoli 1994,0.14,0.23979591739643943
Senin 2003,0.15,0.09693877449194414
Sinforiani 1986,0.5,0.27040816370812476
Spiers 1996,0.13,0.21173469484238996
