es,v,age,diagnosis
0.86,0.183475758,19,2
0.93,0.224025,35,2
0.02,0.154770238,45,3
3.17,0.434555833,20,2
0.69,0.357138333,13,1
1.14,0.296414286,33,1
-0.15,0.100296053,13,1
0.34,0.193951196,19,2
0.17,0.225903125,29,3
0.88,0.147161905,29,1
1.26,0.223023333,20,2
0.19,0.182720682,19,2
0.45,0.051298077,14,1
0.8,0.083323077,20,1
3.49,0.688971825,34,2
1.87,0.37885754,34,2
0.64,0.235022222,30,2
0.49,0.058635402,19,2
0.13,0.13973604,19,2
0.09,0.083421377,20,2
-0.85,0.109506579,14,1
0.5,0.159054487,20,2
-0.24,0.224022222,19,2
4.68,0.8084,20,2
1.71,0.281225,19,2
0.83,0.034410635,28,1
1.82,0.292011111,20,2
1.47,0.289750347,19,2
0.23,0.235419359,20,2
0.78,0.114747857,38,2
0.31,0.050616026,14,1
0.2,0.143626374,30,3
1.27,0.203323485,21,3
0.19,0.125601667,36,1
-0.11,0.222600347,9,1
1.72,0.31745,29,3
-0.33,0.203025,15,3
0.64,0.087271795,20,2
-0.79,0.311718452,28,3
0.3,0.289464286,28,3
0.4,0.187333333,19,2
4.4,0.780522876,20,2
0.84,0.137250196,20,1
0.02,0.111116993,35,1
1.1,0.293214286,33,1
0.65,0.211736111,20,3
0.49,0.054253876,13,1
3.34,0.570834722,30,2
0.71,0.099625822,20,1
0.65,0.096005908,39,3
0.21,0.235144359,20,2
0.18,0.092052381,37,3
0.5,0.2578125,20,2
0.77,0.082852077,20,1
0.98,0.076396912,19,1
1.29,0.225320455,19,2
0,0.148148148,25,1
-0.41,0.102211842,9,1
0.48,0.032576635,28,1
0.56,0.086742029,20,2
0.36,0.25405,20,2
1.45,0.108506039,45,3
3.75,0.486268939,20,2
0.41,0.069761598,11,3
0.72,0.093509957,38,3
0.03,0.202045202,20,1
-0.09,0.200225,29,3
0.45,0.101354779,36,3
0.55,0.260803571,33,1
0.78,0.108005263,19,2
0.13,0.21160817,21,1
0.34,0.169293939,20,2
0.14,0.050250954,15,1
1.46,0.114786047,22,2
